image_id,term,term_label
LMEX0000000002_IMG_1,LMMA0000000211,lung
LMEX0000000002_IMG_10,LMMA0000000211,lung
LMEX0000000002_IMG_11,LMMA0000000211,lung
LMEX0000000002_IMG_12,LMMA0000000211,lung
LMEX0000000002_IMG_2,LMMA0000000211,lung
LMEX0000000002_IMG_3,LMMA0000000211,lung
LMEX0000000002_IMG_4,LMMA0000000211,lung
LMEX0000000002_IMG_5,LMMA0000000211,lung
LMEX0000000002_IMG_6,LMMA0000000211,lung
LMEX0000000002_IMG_7,LMMA0000000211,lung
LMEX0000000002_IMG_8,LMMA0000000211,lung
LMEX0000000002_IMG_9,LMMA0000000211,lung
LMEX0000000003_IMG_1,LMMA0000000211,lung
LMEX0000000003_IMG_2,LMMA0000000211,lung
LMEX0000000003_IMG_3,LMMA0000000211,lung
LMEX0000000003_IMG_4,LMMA0000000211,lung
LMEX0000000003_IMG_5,LMMA0000000211,lung
LMEX0000000003_IMG_6,LMMA0000000211,lung
LMEX0000000003_IMG_7,LMMA0000000211,lung
LMEX0000000003_IMG_8,LMMA0000000211,lung
LMEX0000000004_IMG_1,LMMA0000000211,lung
LMEX0000000004_IMG_2,LMMA0000000211,lung
LMEX0000000004_IMG_3,LMMA0000000211,lung
LMEX0000000004_IMG_4,LMMA0000000211,lung
LMEX0000000004_IMG_5,LMMA0000000211,lung
LMEX0000000004_IMG_6,LMMA0000000211,lung
LMEX0000000004_IMG_7,LMMA0000000211,lung
LMEX0000000004_IMG_8,LMMA0000000211,lung
LMEX0000000005_IMG_1,LMMA0000000211,lung
LMEX0000000005_IMG_10,LMMA0000000211,lung
LMEX0000000005_IMG_11,LMMA0000000211,lung
LMEX0000000005_IMG_12,LMMA0000000211,lung
LMEX0000000005_IMG_13,LMMA0000000211,lung
LMEX0000000005_IMG_14,LMMA0000000211,lung
LMEX0000000005_IMG_15,LMMA0000000211,lung
LMEX0000000005_IMG_16,LMMA0000000211,lung
LMEX0000000005_IMG_17,LMMA0000000211,lung
LMEX0000000005_IMG_18,LMMA0000000211,lung
LMEX0000000005_IMG_2,LMMA0000000211,lung
LMEX0000000005_IMG_3,LMMA0000000211,lung
LMEX0000000005_IMG_4,LMMA0000000211,lung
LMEX0000000005_IMG_5,LMMA0000000211,lung
LMEX0000000005_IMG_6,LMMA0000000211,lung
LMEX0000000005_IMG_7,LMMA0000000211,lung
LMEX0000000005_IMG_8,LMMA0000000211,lung
LMEX0000000005_IMG_9,LMMA0000000211,lung
LMEX0000000006_IMG_1,LMMA0000000211,lung
LMEX0000000006_IMG_2,LMMA0000000211,lung
LMEX0000000006_IMG_3,LMMA0000000211,lung
LMEX0000000006_IMG_4,LMMA0000000211,lung
LMEX0000000006_IMG_5,LMMA0000000211,lung
LMEX0000000006_IMG_6,LMMA0000000211,lung
LMEX0000000006_IMG_7,LMMA0000000211,lung
LMEX0000000006_IMG_8,LMMA0000000211,lung
LMEX0000000006_IMG_9,LMMA0000000211,lung
LMEX0000000007_IMG_1,LMMA0000000211,lung
LMEX0000000007_IMG_2,LMMA0000000211,lung
LMEX0000000007_IMG_3,LMMA0000000211,lung
LMEX0000000007_IMG_4,LMMA0000000211,lung
LMEX0000000007_IMG_5,LMMA0000000211,lung
LMEX0000000007_IMG_6,LMMA0000000211,lung
LMEX0000000007_IMG_7,LMMA0000000211,lung
LMEX0000000008_IMG_1,LMMA0000000211,lung
LMEX0000000008_IMG_2,LMMA0000000211,lung
LMEX0000000008_IMG_3,LMMA0000000211,lung
LMEX0000000008_IMG_4,LMMA0000000211,lung
LMEX0000000008_IMG_5,LMMA0000000211,lung
LMEX0000000008_IMG_6,LMMA0000000211,lung
LMEX0000000008_IMG_7,LMMA0000000211,lung
LMEX0000000008_IMG_8,LMMA0000000211,lung
LMEX0000000008_IMG_9,LMMA0000000211,lung
LMEX0000000009_IMG_1,LMMA0000000211,lung
LMEX0000000009_IMG_10,LMMA0000000211,lung
LMEX0000000009_IMG_11,LMMA0000000211,lung
LMEX0000000009_IMG_12,LMMA0000000211,lung
LMEX0000000009_IMG_13,LMMA0000000211,lung
LMEX0000000009_IMG_14,LMMA0000000211,lung
LMEX0000000009_IMG_15,LMMA0000000211,lung
LMEX0000000009_IMG_16,LMMA0000000211,lung
LMEX0000000009_IMG_17,LMMA0000000211,lung
LMEX0000000009_IMG_18,LMMA0000000211,lung
LMEX0000000009_IMG_2,LMMA0000000211,lung
LMEX0000000009_IMG_3,LMMA0000000211,lung
LMEX0000000009_IMG_4,LMMA0000000211,lung
LMEX0000000009_IMG_5,LMMA0000000211,lung
LMEX0000000009_IMG_6,LMMA0000000211,lung
LMEX0000000009_IMG_7,LMMA0000000211,lung
LMEX0000000009_IMG_8,LMMA0000000211,lung
LMEX0000000009_IMG_9,LMMA0000000211,lung
LMEX0000000014_IMG_1,LMMA0000000211,lung
LMEX0000000014_IMG_10,LMMA0000000211,lung
LMEX0000000014_IMG_11,LMMA0000000211,lung
LMEX0000000014_IMG_12,LMMA0000000211,lung
LMEX0000000014_IMG_2,LMMA0000000211,lung
LMEX0000000014_IMG_3,LMMA0000000211,lung
LMEX0000000014_IMG_4,LMMA0000000211,lung
LMEX0000000014_IMG_5,LMMA0000000211,lung
LMEX0000000014_IMG_6,LMMA0000000211,lung
LMEX0000000014_IMG_7,LMMA0000000211,lung
LMEX0000000014_IMG_8,LMMA0000000211,lung
LMEX0000000014_IMG_9,LMMA0000000211,lung
LMEX0000000015_IMG_1,LMMA0000000211,lung
LMEX0000000015_IMG_2,LMMA0000000211,lung
LMEX0000000015_IMG_3,LMMA0000000211,lung
LMEX0000000015_IMG_4,LMMA0000000211,lung
LMEX0000000015_IMG_5,LMMA0000000211,lung
LMEX0000000015_IMG_6,LMMA0000000211,lung
LMEX0000000015_IMG_7,LMMA0000000211,lung
LMEX0000000015_IMG_8,LMMA0000000211,lung
LMEX0000000015_IMG_9,LMMA0000000211,lung
LMEX0000000016_IMG_1,LMMA0000000211,lung
LMEX0000000016_IMG_10,LMMA0000000211,lung
LMEX0000000016_IMG_2,LMMA0000000211,lung
LMEX0000000016_IMG_3,LMMA0000000211,lung
LMEX0000000016_IMG_4,LMMA0000000211,lung
LMEX0000000016_IMG_5,LMMA0000000211,lung
LMEX0000000016_IMG_6,LMMA0000000211,lung
LMEX0000000016_IMG_7,LMMA0000000211,lung
LMEX0000000016_IMG_8,LMMA0000000211,lung
LMEX0000000016_IMG_9,LMMA0000000211,lung
LMEX0000000017_IMG_1,LMMA0000000211,lung
LMEX0000000017_IMG_2,LMMA0000000211,lung
LMEX0000000017_IMG_3,LMMA0000000211,lung
LMEX0000000017_IMG_4,LMMA0000000211,lung
LMEX0000000017_IMG_5,LMMA0000000211,lung
LMEX0000000017_IMG_6,LMMA0000000211,lung
LMEX0000000017_IMG_7,LMMA0000000211,lung
LMEX0000000017_IMG_8,LMMA0000000211,lung
LMEX0000000017_IMG_9,LMMA0000000211,lung
LMEX0000000018_IMG_1,LMMA0000000211,lung
LMEX0000000018_IMG_10,LMMA0000000211,lung
LMEX0000000018_IMG_11,LMMA0000000211,lung
LMEX0000000018_IMG_12,LMMA0000000211,lung
LMEX0000000018_IMG_13,LMMA0000000211,lung
LMEX0000000018_IMG_14,LMMA0000000211,lung
LMEX0000000018_IMG_15,LMMA0000000211,lung
LMEX0000000018_IMG_2,LMMA0000000211,lung
LMEX0000000018_IMG_3,LMMA0000000211,lung
LMEX0000000018_IMG_4,LMMA0000000211,lung
LMEX0000000018_IMG_5,LMMA0000000211,lung
LMEX0000000018_IMG_6,LMMA0000000211,lung
LMEX0000000018_IMG_7,LMMA0000000211,lung
LMEX0000000018_IMG_8,LMMA0000000211,lung
LMEX0000000018_IMG_9,LMMA0000000211,lung
LMEX0000000019_IMG_1,LMMA0000000211,lung
LMEX0000000019_IMG_2,LMMA0000000211,lung
LMEX0000000019_IMG_3,LMMA0000000211,lung
LMEX0000000019_IMG_4,LMMA0000000211,lung
LMEX0000000019_IMG_5,LMMA0000000211,lung
LMEX0000000019_IMG_6,LMMA0000000211,lung
LMEX0000000019_IMG_7,LMMA0000000211,lung
LMEX0000000020_IMG_1,LMMA0000000211,lung
LMEX0000000020_IMG_10,LMMA0000000211,lung
LMEX0000000020_IMG_2,LMMA0000000211,lung
LMEX0000000020_IMG_3,LMMA0000000211,lung
LMEX0000000020_IMG_4,LMMA0000000211,lung
LMEX0000000020_IMG_5,LMMA0000000211,lung
LMEX0000000020_IMG_6,LMMA0000000211,lung
LMEX0000000020_IMG_7,LMMA0000000211,lung
LMEX0000000020_IMG_8,LMMA0000000211,lung
LMEX0000000020_IMG_9,LMMA0000000211,lung
LMEX0000000021_IMG_1,LMMA0000000211,lung
LMEX0000000021_IMG_10,LMMA0000000211,lung
LMEX0000000021_IMG_11,LMMA0000000211,lung
LMEX0000000021_IMG_12,LMMA0000000211,lung
LMEX0000000021_IMG_13,LMMA0000000211,lung
LMEX0000000021_IMG_14,LMMA0000000211,lung
LMEX0000000021_IMG_15,LMMA0000000211,lung
LMEX0000000021_IMG_2,LMMA0000000211,lung
LMEX0000000021_IMG_3,LMMA0000000211,lung
LMEX0000000021_IMG_4,LMMA0000000211,lung
LMEX0000000021_IMG_5,LMMA0000000211,lung
LMEX0000000021_IMG_6,LMMA0000000211,lung
LMEX0000000021_IMG_7,LMMA0000000211,lung
LMEX0000000021_IMG_8,LMMA0000000211,lung
LMEX0000000021_IMG_9,LMMA0000000211,lung
LMEX0000000022_IMG_1,LMMA0000000211,lung
LMEX0000000022_IMG_10,LMMA0000000211,lung
LMEX0000000022_IMG_11,LMMA0000000211,lung
LMEX0000000022_IMG_12,LMMA0000000211,lung
LMEX0000000022_IMG_13,LMMA0000000211,lung
LMEX0000000022_IMG_14,LMMA0000000211,lung
LMEX0000000022_IMG_15,LMMA0000000211,lung
LMEX0000000022_IMG_2,LMMA0000000211,lung
LMEX0000000022_IMG_3,LMMA0000000211,lung
LMEX0000000022_IMG_4,LMMA0000000211,lung
LMEX0000000022_IMG_5,LMMA0000000211,lung
LMEX0000000022_IMG_6,LMMA0000000211,lung
LMEX0000000022_IMG_7,LMMA0000000211,lung
LMEX0000000022_IMG_8,LMMA0000000211,lung
LMEX0000000022_IMG_9,LMMA0000000211,lung
LMEX0000000023_IMG_1,LMMA0000000211,lung
LMEX0000000023_IMG_10,LMMA0000000211,lung
LMEX0000000023_IMG_11,LMMA0000000211,lung
LMEX0000000023_IMG_12,LMMA0000000211,lung
LMEX0000000023_IMG_13,LMMA0000000211,lung
LMEX0000000023_IMG_14,LMMA0000000211,lung
LMEX0000000023_IMG_15,LMMA0000000211,lung
LMEX0000000023_IMG_16,LMMA0000000211,lung
LMEX0000000023_IMG_17,LMMA0000000211,lung
LMEX0000000023_IMG_18,LMMA0000000211,lung
LMEX0000000023_IMG_2,LMMA0000000211,lung
LMEX0000000023_IMG_3,LMMA0000000211,lung
LMEX0000000023_IMG_4,LMMA0000000211,lung
LMEX0000000023_IMG_5,LMMA0000000211,lung
LMEX0000000023_IMG_6,LMMA0000000211,lung
LMEX0000000023_IMG_7,LMMA0000000211,lung
LMEX0000000023_IMG_8,LMMA0000000211,lung
LMEX0000000023_IMG_9,LMMA0000000211,lung
LMEX0000000024_IMG_1,LMMA0000000211,lung
LMEX0000000024_IMG_2,LMMA0000000211,lung
LMEX0000000024_IMG_3,LMMA0000000211,lung
LMEX0000000024_IMG_4,LMMA0000000211,lung
LMEX0000000024_IMG_5,LMMA0000000211,lung
LMEX0000000024_IMG_6,LMMA0000000211,lung
LMEX0000000025_IMG_1,LMMA0000000211,lung
LMEX0000000025_IMG_10,LMMA0000000211,lung
LMEX0000000025_IMG_11,LMMA0000000211,lung
LMEX0000000025_IMG_2,LMMA0000000211,lung
LMEX0000000025_IMG_3,LMMA0000000211,lung
LMEX0000000025_IMG_4,LMMA0000000211,lung
LMEX0000000025_IMG_5,LMMA0000000211,lung
LMEX0000000025_IMG_6,LMMA0000000211,lung
LMEX0000000025_IMG_7,LMMA0000000211,lung
LMEX0000000025_IMG_8,LMMA0000000211,lung
LMEX0000000025_IMG_9,LMMA0000000211,lung
LMEX0000000026_IMG_1,LMMA0000000211,lung
LMEX0000000026_IMG_2,LMMA0000000211,lung
LMEX0000000026_IMG_3,LMMA0000000211,lung
LMEX0000000026_IMG_4,LMMA0000000211,lung
LMEX0000000026_IMG_5,LMMA0000000211,lung
LMEX0000000026_IMG_6,LMMA0000000211,lung
LMEX0000000026_IMG_7,LMMA0000000211,lung
LMEX0000000026_IMG_8,LMMA0000000211,lung
LMEX0000000026_IMG_9,LMMA0000000211,lung
LMEX0000000027_IMG_1,LMMA0000000211,lung
LMEX0000000027_IMG_10,LMMA0000000211,lung
LMEX0000000027_IMG_11,LMMA0000000211,lung
LMEX0000000027_IMG_2,LMMA0000000211,lung
LMEX0000000027_IMG_3,LMMA0000000211,lung
LMEX0000000027_IMG_4,LMMA0000000211,lung
LMEX0000000027_IMG_5,LMMA0000000211,lung
LMEX0000000027_IMG_6,LMMA0000000211,lung
LMEX0000000027_IMG_7,LMMA0000000211,lung
LMEX0000000027_IMG_8,LMMA0000000211,lung
LMEX0000000027_IMG_9,LMMA0000000211,lung
LMEX0000000028_IMG_1,LMMA0000000211,lung
LMEX0000000028_IMG_10,LMMA0000000211,lung
LMEX0000000028_IMG_11,LMMA0000000211,lung
LMEX0000000028_IMG_12,LMMA0000000211,lung
LMEX0000000028_IMG_13,LMMA0000000211,lung
LMEX0000000028_IMG_14,LMMA0000000211,lung
LMEX0000000028_IMG_15,LMMA0000000211,lung
LMEX0000000028_IMG_2,LMMA0000000211,lung
LMEX0000000028_IMG_3,LMMA0000000211,lung
LMEX0000000028_IMG_4,LMMA0000000211,lung
LMEX0000000028_IMG_5,LMMA0000000211,lung
LMEX0000000028_IMG_6,LMMA0000000211,lung
LMEX0000000028_IMG_7,LMMA0000000211,lung
LMEX0000000028_IMG_8,LMMA0000000211,lung
LMEX0000000028_IMG_9,LMMA0000000211,lung
LMEX0000000029_IMG_1,LMMA0000000211,lung
LMEX0000000029_IMG_2,LMMA0000000211,lung
LMEX0000000029_IMG_3,LMMA0000000211,lung
LMEX0000000029_IMG_4,LMMA0000000211,lung
LMEX0000000029_IMG_5,LMMA0000000211,lung
LMEX0000000029_IMG_6,LMMA0000000211,lung
LMEX0000000029_IMG_7,LMMA0000000211,lung
LMEX0000000029_IMG_8,LMMA0000000211,lung
LMEX0000000029_IMG_9,LMMA0000000211,lung
LMEX0000000030_IMG_1,LMMA0000000211,lung
LMEX0000000030_IMG_2,LMMA0000000211,lung
LMEX0000000030_IMG_3,LMMA0000000211,lung
LMEX0000000030_IMG_4,LMMA0000000211,lung
LMEX0000000030_IMG_5,LMMA0000000211,lung
LMEX0000000030_IMG_6,LMMA0000000211,lung
LMEX0000000030_IMG_7,LMMA0000000211,lung
LMEX0000000030_IMG_8,LMMA0000000211,lung
LMEX0000000030_IMG_9,LMMA0000000211,lung
LMEX0000000031_IMG_1,LMMA0000000211,lung
LMEX0000000031_IMG_2,LMMA0000000211,lung
LMEX0000000031_IMG_3,LMMA0000000211,lung
LMEX0000000031_IMG_4,LMMA0000000211,lung
LMEX0000000031_IMG_5,LMMA0000000211,lung
LMEX0000000031_IMG_6,LMMA0000000211,lung
LMEX0000000031_IMG_7,LMMA0000000211,lung
LMEX0000000031_IMG_8,LMMA0000000211,lung
LMEX0000000031_IMG_9,LMMA0000000211,lung
LMEX0000000032_IMG_1,LMMA0000000211,lung
LMEX0000000032_IMG_10,LMMA0000000211,lung
LMEX0000000032_IMG_11,LMMA0000000211,lung
LMEX0000000032_IMG_12,LMMA0000000211,lung
LMEX0000000032_IMG_13,LMMA0000000211,lung
LMEX0000000032_IMG_2,LMMA0000000211,lung
LMEX0000000032_IMG_3,LMMA0000000211,lung
LMEX0000000032_IMG_4,LMMA0000000211,lung
LMEX0000000032_IMG_5,LMMA0000000211,lung
LMEX0000000032_IMG_6,LMMA0000000211,lung
LMEX0000000032_IMG_7,LMMA0000000211,lung
LMEX0000000032_IMG_8,LMMA0000000211,lung
LMEX0000000032_IMG_9,LMMA0000000211,lung
LMEX0000000033_IMG_1,LMMA0000000211,lung
LMEX0000000033_IMG_10,LMMA0000000211,lung
LMEX0000000033_IMG_2,LMMA0000000211,lung
LMEX0000000033_IMG_3,LMMA0000000211,lung
LMEX0000000033_IMG_4,LMMA0000000211,lung
LMEX0000000033_IMG_5,LMMA0000000211,lung
LMEX0000000033_IMG_6,LMMA0000000211,lung
LMEX0000000033_IMG_7,LMMA0000000211,lung
LMEX0000000033_IMG_8,LMMA0000000211,lung
LMEX0000000033_IMG_9,LMMA0000000211,lung
LMEX0000000034_IMG_1,LMMA0000000211,lung
LMEX0000000034_IMG_2,LMMA0000000211,lung
LMEX0000000034_IMG_3,LMMA0000000211,lung
LMEX0000000034_IMG_4,LMMA0000000211,lung
LMEX0000000034_IMG_5,LMMA0000000211,lung
LMEX0000000034_IMG_6,LMMA0000000211,lung
LMEX0000000034_IMG_7,LMMA0000000211,lung
LMEX0000000034_IMG_8,LMMA0000000211,lung
LMEX0000000034_IMG_9,LMMA0000000211,lung
LMEX0000000035_IMG_1,LMMA0000000211,lung
LMEX0000000035_IMG_2,LMMA0000000211,lung
LMEX0000000035_IMG_3,LMMA0000000211,lung
LMEX0000000035_IMG_4,LMMA0000000211,lung
LMEX0000000035_IMG_5,LMMA0000000211,lung
LMEX0000000035_IMG_6,LMMA0000000211,lung
LMEX0000000036_IMG_1,LMMA0000000211,lung
LMEX0000000036_IMG_10,LMMA0000000211,lung
LMEX0000000036_IMG_2,LMMA0000000211,lung
LMEX0000000036_IMG_3,LMMA0000000211,lung
LMEX0000000036_IMG_4,LMMA0000000211,lung
LMEX0000000036_IMG_5,LMMA0000000211,lung
LMEX0000000036_IMG_6,LMMA0000000211,lung
LMEX0000000036_IMG_7,LMMA0000000211,lung
LMEX0000000036_IMG_8,LMMA0000000211,lung
LMEX0000000036_IMG_9,LMMA0000000211,lung
LMEX0000000037_IMG_1,LMMA0000000211,lung
LMEX0000000037_IMG_10,LMMA0000000211,lung
LMEX0000000037_IMG_2,LMMA0000000211,lung
LMEX0000000037_IMG_3,LMMA0000000211,lung
LMEX0000000037_IMG_4,LMMA0000000211,lung
LMEX0000000037_IMG_5,LMMA0000000211,lung
LMEX0000000037_IMG_6,LMMA0000000211,lung
LMEX0000000037_IMG_7,LMMA0000000211,lung
LMEX0000000037_IMG_8,LMMA0000000211,lung
LMEX0000000037_IMG_9,LMMA0000000211,lung
LMEX0000000038_IMG_1,LMMA0000000211,lung
LMEX0000000038_IMG_2,LMMA0000000211,lung
LMEX0000000038_IMG_3,LMMA0000000211,lung
LMEX0000000038_IMG_4,LMMA0000000211,lung
LMEX0000000038_IMG_5,LMMA0000000211,lung
LMEX0000000038_IMG_6,LMMA0000000211,lung
LMEX0000000038_IMG_7,LMMA0000000211,lung
LMEX0000000038_IMG_8,LMMA0000000211,lung
LMEX0000000039_IMG_1,LMMA0000000211,lung
LMEX0000000039_IMG_2,LMMA0000000211,lung
LMEX0000000039_IMG_3,LMMA0000000211,lung
LMEX0000000039_IMG_4,LMMA0000000211,lung
LMEX0000000039_IMG_5,LMMA0000000211,lung
LMEX0000000039_IMG_6,LMMA0000000211,lung
LMEX0000000039_IMG_7,LMMA0000000211,lung
LMEX0000000040_IMG_1,LMMA0000000211,lung
LMEX0000000040_IMG_10,LMMA0000000211,lung
LMEX0000000040_IMG_2,LMMA0000000211,lung
LMEX0000000040_IMG_3,LMMA0000000211,lung
LMEX0000000040_IMG_4,LMMA0000000211,lung
LMEX0000000040_IMG_5,LMMA0000000211,lung
LMEX0000000040_IMG_6,LMMA0000000211,lung
LMEX0000000040_IMG_7,LMMA0000000211,lung
LMEX0000000040_IMG_8,LMMA0000000211,lung
LMEX0000000040_IMG_9,LMMA0000000211,lung
LMEX0000000041_IMG_1,LMMA0000000211,lung
LMEX0000000041_IMG_2,LMMA0000000211,lung
LMEX0000000041_IMG_3,LMMA0000000211,lung
LMEX0000000041_IMG_4,LMMA0000000211,lung
LMEX0000000041_IMG_5,LMMA0000000211,lung
LMEX0000000041_IMG_6,LMMA0000000211,lung
LMEX0000000041_IMG_7,LMMA0000000211,lung
LMEX0000000042_IMG_1,LMMA0000000211,lung
LMEX0000000042_IMG_10,LMMA0000000211,lung
LMEX0000000042_IMG_2,LMMA0000000211,lung
LMEX0000000042_IMG_3,LMMA0000000211,lung
LMEX0000000042_IMG_4,LMMA0000000211,lung
LMEX0000000042_IMG_5,LMMA0000000211,lung
LMEX0000000042_IMG_6,LMMA0000000211,lung
LMEX0000000042_IMG_7,LMMA0000000211,lung
LMEX0000000042_IMG_8,LMMA0000000211,lung
LMEX0000000042_IMG_9,LMMA0000000211,lung
LMEX0000000043_IMG_1,LMMA0000000211,lung
LMEX0000000043_IMG_2,LMMA0000000211,lung
LMEX0000000043_IMG_3,LMMA0000000211,lung
LMEX0000000043_IMG_4,LMMA0000000211,lung
LMEX0000000043_IMG_5,LMMA0000000211,lung
LMEX0000000043_IMG_6,LMMA0000000211,lung
LMEX0000000043_IMG_7,LMMA0000000211,lung
LMEX0000000043_IMG_8,LMMA0000000211,lung
LMEX0000000043_IMG_9,LMMA0000000211,lung
LMEX0000000044_IMG_1,LMMA0000000211,lung
LMEX0000000044_IMG_2,LMMA0000000211,lung
LMEX0000000044_IMG_3,LMMA0000000211,lung
LMEX0000000044_IMG_4,LMMA0000000211,lung
LMEX0000000044_IMG_5,LMMA0000000211,lung
LMEX0000000044_IMG_6,LMMA0000000211,lung
LMEX0000000044_IMG_7,LMMA0000000211,lung
LMEX0000000044_IMG_8,LMMA0000000211,lung
LMEX0000000044_IMG_9,LMMA0000000211,lung
LMEX0000000045_IMG_1,LMMA0000000211,lung
LMEX0000000045_IMG_2,LMMA0000000211,lung
LMEX0000000045_IMG_3,LMMA0000000211,lung
LMEX0000000045_IMG_4,LMMA0000000211,lung
LMEX0000000045_IMG_5,LMMA0000000211,lung
LMEX0000000045_IMG_6,LMMA0000000211,lung
LMEX0000000046_IMG_1,LMMA0000000211,lung
LMEX0000000046_IMG_10,LMMA0000000211,lung
LMEX0000000046_IMG_11,LMMA0000000211,lung
LMEX0000000046_IMG_12,LMMA0000000211,lung
LMEX0000000046_IMG_2,LMMA0000000211,lung
LMEX0000000046_IMG_3,LMMA0000000211,lung
LMEX0000000046_IMG_4,LMMA0000000211,lung
LMEX0000000046_IMG_5,LMMA0000000211,lung
LMEX0000000046_IMG_6,LMMA0000000211,lung
LMEX0000000046_IMG_7,LMMA0000000211,lung
LMEX0000000046_IMG_8,LMMA0000000211,lung
LMEX0000000046_IMG_9,LMMA0000000211,lung
LMEX0000000047_IMG_1,LMMA0000000211,lung
LMEX0000000047_IMG_2,LMMA0000000211,lung
LMEX0000000047_IMG_3,LMMA0000000211,lung
LMEX0000000047_IMG_4,LMMA0000000211,lung
LMEX0000000047_IMG_5,LMMA0000000211,lung
LMEX0000000049_IMG_1,LMMA0000000211,lung
LMEX0000000049_IMG_2,LMMA0000000211,lung
LMEX0000000049_IMG_3,LMMA0000000211,lung
LMEX0000000049_IMG_4,LMMA0000000211,lung
LMEX0000000049_IMG_5,LMMA0000000211,lung
LMEX0000000049_IMG_6,LMMA0000000211,lung
LMEX0000000049_IMG_7,LMMA0000000211,lung
LMEX0000000049_IMG_8,LMMA0000000211,lung
LMEX0000000049_IMG_9,LMMA0000000211,lung
LMEX0000000050_IMG_1,LMMA0000000211,lung
LMEX0000000050_IMG_10,LMMA0000000211,lung
LMEX0000000050_IMG_11,LMMA0000000211,lung
LMEX0000000050_IMG_12,LMMA0000000211,lung
LMEX0000000050_IMG_13,LMMA0000000211,lung
LMEX0000000050_IMG_2,LMMA0000000211,lung
LMEX0000000050_IMG_3,LMMA0000000211,lung
LMEX0000000050_IMG_4,LMMA0000000211,lung
LMEX0000000050_IMG_5,LMMA0000000211,lung
LMEX0000000050_IMG_6,LMMA0000000211,lung
LMEX0000000050_IMG_7,LMMA0000000211,lung
LMEX0000000050_IMG_8,LMMA0000000211,lung
LMEX0000000050_IMG_9,LMMA0000000211,lung
LMEX0000000051_IMG_1,LMMA0000000211,lung
LMEX0000000051_IMG_2,LMMA0000000211,lung
LMEX0000000051_IMG_3,LMMA0000000211,lung
LMEX0000000051_IMG_4,LMMA0000000211,lung
LMEX0000000051_IMG_5,LMMA0000000211,lung
LMEX0000000051_IMG_6,LMMA0000000211,lung
LMEX0000000051_IMG_7,LMMA0000000211,lung
LMEX0000000052_IMG_1,LMMA0000000211,lung
LMEX0000000052_IMG_2,LMMA0000000211,lung
LMEX0000000052_IMG_3,LMMA0000000211,lung
LMEX0000000052_IMG_4,LMMA0000000211,lung
LMEX0000000052_IMG_5,LMMA0000000211,lung
LMEX0000000052_IMG_6,LMMA0000000211,lung
LMEX0000000052_IMG_7,LMMA0000000211,lung
LMEX0000000052_IMG_8,LMMA0000000211,lung
LMEX0000000052_IMG_9,LMMA0000000211,lung
LMEX0000000053_IMG_1,LMMA0000000211,lung
LMEX0000000053_IMG_2,LMMA0000000211,lung
LMEX0000000053_IMG_3,LMMA0000000211,lung
LMEX0000000053_IMG_4,LMMA0000000211,lung
LMEX0000000053_IMG_5,LMMA0000000211,lung
LMEX0000000053_IMG_6,LMMA0000000211,lung
LMEX0000000053_IMG_7,LMMA0000000211,lung
LMEX0000000054_IMG_1,LMMA0000000211,lung
LMEX0000000054_IMG_10,LMMA0000000211,lung
LMEX0000000054_IMG_2,LMMA0000000211,lung
LMEX0000000054_IMG_3,LMMA0000000211,lung
LMEX0000000054_IMG_4,LMMA0000000211,lung
LMEX0000000054_IMG_5,LMMA0000000211,lung
LMEX0000000054_IMG_6,LMMA0000000211,lung
LMEX0000000054_IMG_7,LMMA0000000211,lung
LMEX0000000054_IMG_8,LMMA0000000211,lung
LMEX0000000054_IMG_9,LMMA0000000211,lung
LMEX0000000055_IMG_1,LMMA0000000211,lung
LMEX0000000055_IMG_2,LMMA0000000211,lung
LMEX0000000055_IMG_3,LMMA0000000211,lung
LMEX0000000055_IMG_4,LMMA0000000211,lung
LMEX0000000055_IMG_5,LMMA0000000211,lung
LMEX0000000055_IMG_6,LMMA0000000211,lung
LMEX0000000055_IMG_7,LMMA0000000211,lung
LMEX0000000055_IMG_8,LMMA0000000211,lung
LMEX0000000056_IMG_1,LMMA0000000211,lung
LMEX0000000056_IMG_2,LMMA0000000211,lung
LMEX0000000056_IMG_3,LMMA0000000211,lung
LMEX0000000056_IMG_4,LMMA0000000211,lung
LMEX0000000056_IMG_5,LMMA0000000211,lung
LMEX0000000056_IMG_6,LMMA0000000211,lung
LMEX0000000056_IMG_7,LMMA0000000211,lung
LMEX0000000056_IMG_8,LMMA0000000211,lung
LMEX0000000057_IMG_1,LMMA0000000211,lung
LMEX0000000057_IMG_2,LMMA0000000211,lung
LMEX0000000057_IMG_3,LMMA0000000211,lung
LMEX0000000057_IMG_4,LMMA0000000211,lung
LMEX0000000057_IMG_5,LMMA0000000211,lung
LMEX0000000057_IMG_6,LMMA0000000211,lung
LMEX0000000057_IMG_7,LMMA0000000211,lung
LMEX0000000057_IMG_8,LMMA0000000211,lung
LMEX0000000058_IMG_1,LMMA0000000211,lung
LMEX0000000058_IMG_10,LMMA0000000211,lung
LMEX0000000058_IMG_11,LMMA0000000211,lung
LMEX0000000058_IMG_12,LMMA0000000211,lung
LMEX0000000058_IMG_13,LMMA0000000211,lung
LMEX0000000058_IMG_14,LMMA0000000211,lung
LMEX0000000058_IMG_15,LMMA0000000211,lung
LMEX0000000058_IMG_2,LMMA0000000211,lung
LMEX0000000058_IMG_3,LMMA0000000211,lung
LMEX0000000058_IMG_4,LMMA0000000211,lung
LMEX0000000058_IMG_5,LMMA0000000211,lung
LMEX0000000058_IMG_6,LMMA0000000211,lung
LMEX0000000058_IMG_7,LMMA0000000211,lung
LMEX0000000058_IMG_8,LMMA0000000211,lung
LMEX0000000058_IMG_9,LMMA0000000211,lung
LMEX0000000059_IMG_1,LMMA0000000211,lung
LMEX0000000059_IMG_2,LMMA0000000211,lung
LMEX0000000059_IMG_3,LMMA0000000211,lung
LMEX0000000059_IMG_4,LMMA0000000211,lung
LMEX0000000059_IMG_5,LMMA0000000211,lung
LMEX0000000059_IMG_6,LMMA0000000211,lung
LMEX0000000059_IMG_7,LMMA0000000211,lung
LMEX0000000059_IMG_8,LMMA0000000211,lung
LMEX0000000060_IMG_1,LMMA0000000211,lung
LMEX0000000060_IMG_10,LMMA0000000211,lung
LMEX0000000060_IMG_11,LMMA0000000211,lung
LMEX0000000060_IMG_12,LMMA0000000211,lung
LMEX0000000060_IMG_13,LMMA0000000211,lung
LMEX0000000060_IMG_14,LMMA0000000211,lung
LMEX0000000060_IMG_15,LMMA0000000211,lung
LMEX0000000060_IMG_2,LMMA0000000211,lung
LMEX0000000060_IMG_3,LMMA0000000211,lung
LMEX0000000060_IMG_4,LMMA0000000211,lung
LMEX0000000060_IMG_5,LMMA0000000211,lung
LMEX0000000060_IMG_6,LMMA0000000211,lung
LMEX0000000060_IMG_7,LMMA0000000211,lung
LMEX0000000060_IMG_8,LMMA0000000211,lung
LMEX0000000060_IMG_9,LMMA0000000211,lung
LMEX0000000061_IMG_1,LMMA0000000211,lung
LMEX0000000061_IMG_2,LMMA0000000211,lung
LMEX0000000061_IMG_3,LMMA0000000211,lung
LMEX0000000061_IMG_4,LMMA0000000211,lung
LMEX0000000061_IMG_5,LMMA0000000211,lung
LMEX0000000061_IMG_6,LMMA0000000211,lung
LMEX0000000061_IMG_7,LMMA0000000211,lung
LMEX0000000061_IMG_8,LMMA0000000211,lung
LMEX0000000062_IMG_1,LMMA0000000211,lung
LMEX0000000062_IMG_2,LMMA0000000211,lung
LMEX0000000062_IMG_3,LMMA0000000211,lung
LMEX0000000062_IMG_4,LMMA0000000211,lung
LMEX0000000062_IMG_5,LMMA0000000211,lung
LMEX0000000062_IMG_6,LMMA0000000211,lung
LMEX0000000063_IMG_1,LMMA0000000211,lung
LMEX0000000063_IMG_10,LMMA0000000211,lung
LMEX0000000063_IMG_2,LMMA0000000211,lung
LMEX0000000063_IMG_3,LMMA0000000211,lung
LMEX0000000063_IMG_4,LMMA0000000211,lung
LMEX0000000063_IMG_5,LMMA0000000211,lung
LMEX0000000063_IMG_6,LMMA0000000211,lung
LMEX0000000063_IMG_7,LMMA0000000211,lung
LMEX0000000063_IMG_8,LMMA0000000211,lung
LMEX0000000063_IMG_9,LMMA0000000211,lung
LMEX0000000064_IMG_1,LMMA0000000211,lung
LMEX0000000064_IMG_10,LMMA0000000211,lung
LMEX0000000064_IMG_11,LMMA0000000211,lung
LMEX0000000064_IMG_12,LMMA0000000211,lung
LMEX0000000064_IMG_13,LMMA0000000211,lung
LMEX0000000064_IMG_14,LMMA0000000211,lung
LMEX0000000064_IMG_2,LMMA0000000211,lung
LMEX0000000064_IMG_3,LMMA0000000211,lung
LMEX0000000064_IMG_4,LMMA0000000211,lung
LMEX0000000064_IMG_5,LMMA0000000211,lung
LMEX0000000064_IMG_6,LMMA0000000211,lung
LMEX0000000064_IMG_7,LMMA0000000211,lung
LMEX0000000064_IMG_8,LMMA0000000211,lung
LMEX0000000064_IMG_9,LMMA0000000211,lung
LMEX0000000065_IMG_1,LMMA0000000211,lung
LMEX0000000065_IMG_10,LMMA0000000211,lung
LMEX0000000065_IMG_11,LMMA0000000211,lung
LMEX0000000065_IMG_12,LMMA0000000211,lung
LMEX0000000065_IMG_2,LMMA0000000211,lung
LMEX0000000065_IMG_3,LMMA0000000211,lung
LMEX0000000065_IMG_4,LMMA0000000211,lung
LMEX0000000065_IMG_5,LMMA0000000211,lung
LMEX0000000065_IMG_6,LMMA0000000211,lung
LMEX0000000065_IMG_7,LMMA0000000211,lung
LMEX0000000065_IMG_8,LMMA0000000211,lung
LMEX0000000065_IMG_9,LMMA0000000211,lung
LMEX0000000066_IMG_1,LMMA0000000211,lung
LMEX0000000066_IMG_10,LMMA0000000211,lung
LMEX0000000066_IMG_11,LMMA0000000211,lung
LMEX0000000066_IMG_2,LMMA0000000211,lung
LMEX0000000066_IMG_3,LMMA0000000211,lung
LMEX0000000066_IMG_4,LMMA0000000211,lung
LMEX0000000066_IMG_5,LMMA0000000211,lung
LMEX0000000066_IMG_6,LMMA0000000211,lung
LMEX0000000066_IMG_7,LMMA0000000211,lung
LMEX0000000066_IMG_8,LMMA0000000211,lung
LMEX0000000066_IMG_9,LMMA0000000211,lung
LMEX0000000067_IMG_1,LMMA0000000211,lung
LMEX0000000067_IMG_2,LMMA0000000211,lung
LMEX0000000067_IMG_3,LMMA0000000211,lung
LMEX0000000067_IMG_4,LMMA0000000211,lung
LMEX0000000067_IMG_5,LMMA0000000211,lung
LMEX0000000067_IMG_6,LMMA0000000211,lung
LMEX0000000067_IMG_7,LMMA0000000211,lung
LMEX0000000068_IMG_1,LMMA0000000211,lung
LMEX0000000068_IMG_2,LMMA0000000211,lung
LMEX0000000068_IMG_3,LMMA0000000211,lung
LMEX0000000068_IMG_4,LMMA0000000211,lung
LMEX0000000068_IMG_5,LMMA0000000211,lung
LMEX0000000068_IMG_6,LMMA0000000211,lung
LMEX0000000068_IMG_7,LMMA0000000211,lung
LMEX0000000068_IMG_8,LMMA0000000211,lung
LMEX0000000068_IMG_9,LMMA0000000211,lung
LMEX0000000069_IMG_1,LMMA0000000211,lung
LMEX0000000069_IMG_10,LMMA0000000211,lung
LMEX0000000069_IMG_11,LMMA0000000211,lung
LMEX0000000069_IMG_12,LMMA0000000211,lung
LMEX0000000069_IMG_2,LMMA0000000211,lung
LMEX0000000069_IMG_3,LMMA0000000211,lung
LMEX0000000069_IMG_4,LMMA0000000211,lung
LMEX0000000069_IMG_5,LMMA0000000211,lung
LMEX0000000069_IMG_6,LMMA0000000211,lung
LMEX0000000069_IMG_7,LMMA0000000211,lung
LMEX0000000069_IMG_8,LMMA0000000211,lung
LMEX0000000069_IMG_9,LMMA0000000211,lung
LMEX0000000070_IMG_1,LMMA0000000211,lung
LMEX0000000070_IMG_2,LMMA0000000211,lung
LMEX0000000070_IMG_3,LMMA0000000211,lung
LMEX0000000070_IMG_4,LMMA0000000211,lung
LMEX0000000070_IMG_5,LMMA0000000211,lung
LMEX0000000070_IMG_6,LMMA0000000211,lung
LMEX0000000070_IMG_7,LMMA0000000211,lung
LMEX0000000070_IMG_8,LMMA0000000211,lung
LMEX0000000071_IMG_1,LMMA0000000211,lung
LMEX0000000071_IMG_2,LMMA0000000211,lung
LMEX0000000071_IMG_3,LMMA0000000211,lung
LMEX0000000071_IMG_4,LMMA0000000211,lung
LMEX0000000071_IMG_5,LMMA0000000211,lung
LMEX0000000071_IMG_6,LMMA0000000211,lung
LMEX0000000071_IMG_7,LMMA0000000211,lung
LMEX0000000071_IMG_8,LMMA0000000211,lung
LMEX0000000072_IMG_1,LMMA0000000211,lung
LMEX0000000072_IMG_2,LMMA0000000211,lung
LMEX0000000072_IMG_3,LMMA0000000211,lung
LMEX0000000072_IMG_4,LMMA0000000211,lung
LMEX0000000072_IMG_5,LMMA0000000211,lung
LMEX0000000072_IMG_6,LMMA0000000211,lung
LMEX0000000073_IMG_1,LMMA0000000211,lung
LMEX0000000073_IMG_2,LMMA0000000211,lung
LMEX0000000073_IMG_3,LMMA0000000211,lung
LMEX0000000073_IMG_4,LMMA0000000211,lung
LMEX0000000073_IMG_5,LMMA0000000211,lung
LMEX0000000073_IMG_6,LMMA0000000211,lung
LMEX0000000073_IMG_7,LMMA0000000211,lung
LMEX0000000073_IMG_8,LMMA0000000211,lung
LMEX0000000074_IMG_1,LMMA0000000211,lung
LMEX0000000076_IMG_1,LMMA0000000199,left lung
LMEX0000000077_IMG_1,LMMA0000000324,right lung lower lobe
LMEX0000000228_IMG_1,LMMA0000000211,lung
LMEX0000000228_IMG_10,LMMA0000000211,lung
LMEX0000000228_IMG_11,LMMA0000000211,lung
LMEX0000000228_IMG_12,LMMA0000000211,lung
LMEX0000000228_IMG_13,LMMA0000000211,lung
LMEX0000000228_IMG_14,LMMA0000000211,lung
LMEX0000000228_IMG_15,LMMA0000000211,lung
LMEX0000000228_IMG_16,LMMA0000000211,lung
LMEX0000000228_IMG_2,LMMA0000000211,lung
LMEX0000000228_IMG_3,LMMA0000000211,lung
LMEX0000000228_IMG_4,LMMA0000000211,lung
LMEX0000000228_IMG_5,LMMA0000000211,lung
LMEX0000000228_IMG_6,LMMA0000000211,lung
LMEX0000000228_IMG_7,LMMA0000000211,lung
LMEX0000000228_IMG_8,LMMA0000000211,lung
LMEX0000000228_IMG_9,LMMA0000000211,lung
LMEX0000000229_IMG_1,LMMA0000000211,lung
LMEX0000000229_IMG_10,LMMA0000000211,lung
LMEX0000000229_IMG_11,LMMA0000000211,lung
LMEX0000000229_IMG_12,LMMA0000000211,lung
LMEX0000000229_IMG_13,LMMA0000000211,lung
LMEX0000000229_IMG_14,LMMA0000000211,lung
LMEX0000000229_IMG_15,LMMA0000000211,lung
LMEX0000000229_IMG_16,LMMA0000000211,lung
LMEX0000000229_IMG_17,LMMA0000000211,lung
LMEX0000000229_IMG_18,LMMA0000000211,lung
LMEX0000000229_IMG_19,LMMA0000000211,lung
LMEX0000000229_IMG_2,LMMA0000000211,lung
LMEX0000000229_IMG_3,LMMA0000000211,lung
LMEX0000000229_IMG_4,LMMA0000000211,lung
LMEX0000000229_IMG_5,LMMA0000000211,lung
LMEX0000000229_IMG_6,LMMA0000000211,lung
LMEX0000000229_IMG_7,LMMA0000000211,lung
LMEX0000000229_IMG_8,LMMA0000000211,lung
LMEX0000000229_IMG_9,LMMA0000000211,lung
LMEX0000000230_IMG_1,LMMA0000000211,lung
LMEX0000000230_IMG_10,LMMA0000000211,lung
LMEX0000000230_IMG_11,LMMA0000000211,lung
LMEX0000000230_IMG_12,LMMA0000000211,lung
LMEX0000000230_IMG_13,LMMA0000000211,lung
LMEX0000000230_IMG_14,LMMA0000000211,lung
LMEX0000000230_IMG_15,LMMA0000000211,lung
LMEX0000000230_IMG_16,LMMA0000000211,lung
LMEX0000000230_IMG_17,LMMA0000000211,lung
LMEX0000000230_IMG_18,LMMA0000000211,lung
LMEX0000000230_IMG_19,LMMA0000000211,lung
LMEX0000000230_IMG_2,LMMA0000000211,lung
LMEX0000000230_IMG_20,LMMA0000000211,lung
LMEX0000000230_IMG_21,LMMA0000000211,lung
LMEX0000000230_IMG_3,LMMA0000000211,lung
LMEX0000000230_IMG_4,LMMA0000000211,lung
LMEX0000000230_IMG_5,LMMA0000000211,lung
LMEX0000000230_IMG_6,LMMA0000000211,lung
LMEX0000000230_IMG_7,LMMA0000000211,lung
LMEX0000000230_IMG_8,LMMA0000000211,lung
LMEX0000000230_IMG_9,LMMA0000000211,lung
LMEX0000000231_IMG_1,LMMA0000000211,lung
LMEX0000000231_IMG_10,LMMA0000000211,lung
LMEX0000000231_IMG_11,LMMA0000000211,lung
LMEX0000000231_IMG_12,LMMA0000000211,lung
LMEX0000000231_IMG_13,LMMA0000000211,lung
LMEX0000000231_IMG_14,LMMA0000000211,lung
LMEX0000000231_IMG_15,LMMA0000000211,lung
LMEX0000000231_IMG_2,LMMA0000000211,lung
LMEX0000000231_IMG_3,LMMA0000000211,lung
LMEX0000000231_IMG_4,LMMA0000000211,lung
LMEX0000000231_IMG_5,LMMA0000000211,lung
LMEX0000000231_IMG_6,LMMA0000000211,lung
LMEX0000000231_IMG_7,LMMA0000000211,lung
LMEX0000000231_IMG_8,LMMA0000000211,lung
LMEX0000000231_IMG_9,LMMA0000000211,lung
LMEX0000000232_IMG_1,LMMA0000000211,lung
LMEX0000000232_IMG_10,LMMA0000000211,lung
LMEX0000000232_IMG_11,LMMA0000000211,lung
LMEX0000000232_IMG_12,LMMA0000000211,lung
LMEX0000000232_IMG_2,LMMA0000000211,lung
LMEX0000000232_IMG_3,LMMA0000000211,lung
LMEX0000000232_IMG_4,LMMA0000000211,lung
LMEX0000000232_IMG_5,LMMA0000000211,lung
LMEX0000000232_IMG_6,LMMA0000000211,lung
LMEX0000000232_IMG_7,LMMA0000000211,lung
LMEX0000000232_IMG_8,LMMA0000000211,lung
LMEX0000000232_IMG_9,LMMA0000000211,lung
LMEX0000000233_IMG_1,LMMA0000000211,lung
LMEX0000000233_IMG_10,LMMA0000000211,lung
LMEX0000000233_IMG_11,LMMA0000000211,lung
LMEX0000000233_IMG_12,LMMA0000000211,lung
LMEX0000000233_IMG_13,LMMA0000000211,lung
LMEX0000000233_IMG_14,LMMA0000000211,lung
LMEX0000000233_IMG_15,LMMA0000000211,lung
LMEX0000000233_IMG_16,LMMA0000000211,lung
LMEX0000000233_IMG_17,LMMA0000000211,lung
LMEX0000000233_IMG_18,LMMA0000000211,lung
LMEX0000000233_IMG_19,LMMA0000000211,lung
LMEX0000000233_IMG_2,LMMA0000000211,lung
LMEX0000000233_IMG_20,LMMA0000000211,lung
LMEX0000000233_IMG_21,LMMA0000000211,lung
LMEX0000000233_IMG_3,LMMA0000000211,lung
LMEX0000000233_IMG_4,LMMA0000000211,lung
LMEX0000000233_IMG_5,LMMA0000000211,lung
LMEX0000000233_IMG_6,LMMA0000000211,lung
LMEX0000000233_IMG_7,LMMA0000000211,lung
LMEX0000000233_IMG_8,LMMA0000000211,lung
LMEX0000000233_IMG_9,LMMA0000000211,lung
LMEX0000000234_IMG_1,LMMA0000000211,lung
LMEX0000000234_IMG_10,LMMA0000000211,lung
LMEX0000000234_IMG_2,LMMA0000000211,lung
LMEX0000000234_IMG_3,LMMA0000000211,lung
LMEX0000000234_IMG_4,LMMA0000000211,lung
LMEX0000000234_IMG_5,LMMA0000000211,lung
LMEX0000000234_IMG_6,LMMA0000000211,lung
LMEX0000000234_IMG_7,LMMA0000000211,lung
LMEX0000000234_IMG_8,LMMA0000000211,lung
LMEX0000000234_IMG_9,LMMA0000000211,lung
LMEX0000000235_IMG_1,LMMA0000000211,lung
LMEX0000000235_IMG_10,LMMA0000000211,lung
LMEX0000000235_IMG_2,LMMA0000000211,lung
LMEX0000000235_IMG_3,LMMA0000000211,lung
LMEX0000000235_IMG_4,LMMA0000000211,lung
LMEX0000000235_IMG_5,LMMA0000000211,lung
LMEX0000000235_IMG_6,LMMA0000000211,lung
LMEX0000000235_IMG_7,LMMA0000000211,lung
LMEX0000000235_IMG_8,LMMA0000000211,lung
LMEX0000000235_IMG_9,LMMA0000000211,lung
LMEX0000000236_IMG_1,LMMA0000000211,lung
LMEX0000000236_IMG_10,LMMA0000000211,lung
LMEX0000000236_IMG_11,LMMA0000000211,lung
LMEX0000000236_IMG_2,LMMA0000000211,lung
LMEX0000000236_IMG_3,LMMA0000000211,lung
LMEX0000000236_IMG_4,LMMA0000000211,lung
LMEX0000000236_IMG_5,LMMA0000000211,lung
LMEX0000000236_IMG_6,LMMA0000000211,lung
LMEX0000000236_IMG_7,LMMA0000000211,lung
LMEX0000000236_IMG_8,LMMA0000000211,lung
LMEX0000000236_IMG_9,LMMA0000000211,lung
LMEX0000000237_IMG_1,LMMA0000000211,lung
LMEX0000000237_IMG_2,LMMA0000000211,lung
LMEX0000000237_IMG_3,LMMA0000000211,lung
LMEX0000000237_IMG_4,LMMA0000000211,lung
LMEX0000000237_IMG_5,LMMA0000000211,lung
LMEX0000000237_IMG_6,LMMA0000000211,lung
LMEX0000000237_IMG_7,LMMA0000000211,lung
LMEX0000000237_IMG_8,LMMA0000000211,lung
LMEX0000000238_IMG_1,LMMA0000000211,lung
LMEX0000000238_IMG_10,LMMA0000000211,lung
LMEX0000000238_IMG_11,LMMA0000000211,lung
LMEX0000000238_IMG_12,LMMA0000000211,lung
LMEX0000000238_IMG_13,LMMA0000000211,lung
LMEX0000000238_IMG_14,LMMA0000000211,lung
LMEX0000000238_IMG_15,LMMA0000000211,lung
LMEX0000000238_IMG_16,LMMA0000000211,lung
LMEX0000000238_IMG_17,LMMA0000000211,lung
LMEX0000000238_IMG_18,LMMA0000000211,lung
LMEX0000000238_IMG_19,LMMA0000000211,lung
LMEX0000000238_IMG_2,LMMA0000000211,lung
LMEX0000000238_IMG_20,LMMA0000000211,lung
LMEX0000000238_IMG_21,LMMA0000000211,lung
LMEX0000000238_IMG_22,LMMA0000000211,lung
LMEX0000000238_IMG_23,LMMA0000000211,lung
LMEX0000000238_IMG_24,LMMA0000000211,lung
LMEX0000000238_IMG_25,LMMA0000000211,lung
LMEX0000000238_IMG_3,LMMA0000000211,lung
LMEX0000000238_IMG_4,LMMA0000000211,lung
LMEX0000000238_IMG_5,LMMA0000000211,lung
LMEX0000000238_IMG_6,LMMA0000000211,lung
LMEX0000000238_IMG_7,LMMA0000000211,lung
LMEX0000000238_IMG_8,LMMA0000000211,lung
LMEX0000000238_IMG_9,LMMA0000000211,lung
LMEX0000000239_IMG_1,LMMA0000000211,lung
LMEX0000000239_IMG_10,LMMA0000000211,lung
LMEX0000000239_IMG_11,LMMA0000000211,lung
LMEX0000000239_IMG_12,LMMA0000000211,lung
LMEX0000000239_IMG_13,LMMA0000000211,lung
LMEX0000000239_IMG_2,LMMA0000000211,lung
LMEX0000000239_IMG_3,LMMA0000000211,lung
LMEX0000000239_IMG_4,LMMA0000000211,lung
LMEX0000000239_IMG_5,LMMA0000000211,lung
LMEX0000000239_IMG_6,LMMA0000000211,lung
LMEX0000000239_IMG_7,LMMA0000000211,lung
LMEX0000000239_IMG_8,LMMA0000000211,lung
LMEX0000000239_IMG_9,LMMA0000000211,lung
LMEX0000000240_IMG_1,LMMA0000000211,lung
LMEX0000000240_IMG_10,LMMA0000000211,lung
LMEX0000000240_IMG_11,LMMA0000000211,lung
LMEX0000000240_IMG_12,LMMA0000000211,lung
LMEX0000000240_IMG_2,LMMA0000000211,lung
LMEX0000000240_IMG_3,LMMA0000000211,lung
LMEX0000000240_IMG_4,LMMA0000000211,lung
LMEX0000000240_IMG_5,LMMA0000000211,lung
LMEX0000000240_IMG_6,LMMA0000000211,lung
LMEX0000000240_IMG_7,LMMA0000000211,lung
LMEX0000000240_IMG_8,LMMA0000000211,lung
LMEX0000000240_IMG_9,LMMA0000000211,lung
LMEX0000000241_IMG_1,LMMA0000000211,lung
LMEX0000000241_IMG_10,LMMA0000000211,lung
LMEX0000000241_IMG_11,LMMA0000000211,lung
LMEX0000000241_IMG_12,LMMA0000000211,lung
LMEX0000000241_IMG_13,LMMA0000000211,lung
LMEX0000000241_IMG_14,LMMA0000000211,lung
LMEX0000000241_IMG_2,LMMA0000000211,lung
LMEX0000000241_IMG_3,LMMA0000000211,lung
LMEX0000000241_IMG_4,LMMA0000000211,lung
LMEX0000000241_IMG_5,LMMA0000000211,lung
LMEX0000000241_IMG_6,LMMA0000000211,lung
LMEX0000000241_IMG_7,LMMA0000000211,lung
LMEX0000000241_IMG_8,LMMA0000000211,lung
LMEX0000000241_IMG_9,LMMA0000000211,lung
LMEX0000000242_IMG_1,LMMA0000000211,lung
LMEX0000000242_IMG_10,LMMA0000000211,lung
LMEX0000000242_IMG_11,LMMA0000000211,lung
LMEX0000000242_IMG_12,LMMA0000000211,lung
LMEX0000000242_IMG_13,LMMA0000000211,lung
LMEX0000000242_IMG_14,LMMA0000000211,lung
LMEX0000000242_IMG_15,LMMA0000000211,lung
LMEX0000000242_IMG_16,LMMA0000000211,lung
LMEX0000000242_IMG_17,LMMA0000000211,lung
LMEX0000000242_IMG_18,LMMA0000000211,lung
LMEX0000000242_IMG_19,LMMA0000000211,lung
LMEX0000000242_IMG_2,LMMA0000000211,lung
LMEX0000000242_IMG_20,LMMA0000000211,lung
LMEX0000000242_IMG_3,LMMA0000000211,lung
LMEX0000000242_IMG_4,LMMA0000000211,lung
LMEX0000000242_IMG_5,LMMA0000000211,lung
LMEX0000000242_IMG_6,LMMA0000000211,lung
LMEX0000000242_IMG_7,LMMA0000000211,lung
LMEX0000000242_IMG_8,LMMA0000000211,lung
LMEX0000000242_IMG_9,LMMA0000000211,lung
LMEX0000000243_IMG_1,LMMA0000000211,lung
LMEX0000000243_IMG_10,LMMA0000000211,lung
LMEX0000000243_IMG_11,LMMA0000000211,lung
LMEX0000000243_IMG_12,LMMA0000000211,lung
LMEX0000000243_IMG_13,LMMA0000000211,lung
LMEX0000000243_IMG_14,LMMA0000000211,lung
LMEX0000000243_IMG_2,LMMA0000000211,lung
LMEX0000000243_IMG_3,LMMA0000000211,lung
LMEX0000000243_IMG_4,LMMA0000000211,lung
LMEX0000000243_IMG_5,LMMA0000000211,lung
LMEX0000000243_IMG_6,LMMA0000000211,lung
LMEX0000000243_IMG_7,LMMA0000000211,lung
LMEX0000000243_IMG_8,LMMA0000000211,lung
LMEX0000000243_IMG_9,LMMA0000000211,lung
LMEX0000000288_IMG_1,LMMA0000000211,lung
LMEX0000000288_IMG_10,LMMA0000000211,lung
LMEX0000000288_IMG_11,LMMA0000000211,lung
LMEX0000000288_IMG_12,LMMA0000000211,lung
LMEX0000000288_IMG_13,LMMA0000000211,lung
LMEX0000000288_IMG_14,LMMA0000000211,lung
LMEX0000000288_IMG_15,LMMA0000000211,lung
LMEX0000000288_IMG_16,LMMA0000000211,lung
LMEX0000000288_IMG_17,LMMA0000000211,lung
LMEX0000000288_IMG_18,LMMA0000000211,lung
LMEX0000000288_IMG_19,LMMA0000000211,lung
LMEX0000000288_IMG_2,LMMA0000000211,lung
LMEX0000000288_IMG_20,LMMA0000000211,lung
LMEX0000000288_IMG_21,LMMA0000000211,lung
LMEX0000000288_IMG_22,LMMA0000000211,lung
LMEX0000000288_IMG_3,LMMA0000000211,lung
LMEX0000000288_IMG_4,LMMA0000000211,lung
LMEX0000000288_IMG_5,LMMA0000000211,lung
LMEX0000000288_IMG_6,LMMA0000000211,lung
LMEX0000000288_IMG_7,LMMA0000000211,lung
LMEX0000000288_IMG_8,LMMA0000000211,lung
LMEX0000000288_IMG_9,LMMA0000000211,lung
LMEX0000000289_IMG_1,LMMA0000000211,lung
LMEX0000000289_IMG_10,LMMA0000000211,lung
LMEX0000000289_IMG_11,LMMA0000000211,lung
LMEX0000000289_IMG_12,LMMA0000000211,lung
LMEX0000000289_IMG_13,LMMA0000000211,lung
LMEX0000000289_IMG_14,LMMA0000000211,lung
LMEX0000000289_IMG_15,LMMA0000000211,lung
LMEX0000000289_IMG_16,LMMA0000000211,lung
LMEX0000000289_IMG_2,LMMA0000000211,lung
LMEX0000000289_IMG_3,LMMA0000000211,lung
LMEX0000000289_IMG_4,LMMA0000000211,lung
LMEX0000000289_IMG_5,LMMA0000000211,lung
LMEX0000000289_IMG_6,LMMA0000000211,lung
LMEX0000000289_IMG_7,LMMA0000000211,lung
LMEX0000000289_IMG_8,LMMA0000000211,lung
LMEX0000000289_IMG_9,LMMA0000000211,lung
LMEX0000000290_IMG_1,LMMA0000000211,lung
LMEX0000000290_IMG_10,LMMA0000000211,lung
LMEX0000000290_IMG_11,LMMA0000000211,lung
LMEX0000000290_IMG_12,LMMA0000000211,lung
LMEX0000000290_IMG_13,LMMA0000000211,lung
LMEX0000000290_IMG_14,LMMA0000000211,lung
LMEX0000000290_IMG_15,LMMA0000000211,lung
LMEX0000000290_IMG_16,LMMA0000000211,lung
LMEX0000000290_IMG_17,LMMA0000000211,lung
LMEX0000000290_IMG_18,LMMA0000000211,lung
LMEX0000000290_IMG_19,LMMA0000000211,lung
LMEX0000000290_IMG_2,LMMA0000000211,lung
LMEX0000000290_IMG_20,LMMA0000000211,lung
LMEX0000000290_IMG_21,LMMA0000000211,lung
LMEX0000000290_IMG_22,LMMA0000000211,lung
LMEX0000000290_IMG_23,LMMA0000000211,lung
LMEX0000000290_IMG_24,LMMA0000000211,lung
LMEX0000000290_IMG_25,LMMA0000000211,lung
LMEX0000000290_IMG_26,LMMA0000000211,lung
LMEX0000000290_IMG_27,LMMA0000000211,lung
LMEX0000000290_IMG_28,LMMA0000000211,lung
LMEX0000000290_IMG_29,LMMA0000000211,lung
LMEX0000000290_IMG_3,LMMA0000000211,lung
LMEX0000000290_IMG_30,LMMA0000000211,lung
LMEX0000000290_IMG_31,LMMA0000000211,lung
LMEX0000000290_IMG_32,LMMA0000000211,lung
LMEX0000000290_IMG_33,LMMA0000000211,lung
LMEX0000000290_IMG_34,LMMA0000000211,lung
LMEX0000000290_IMG_35,LMMA0000000211,lung
LMEX0000000290_IMG_36,LMMA0000000211,lung
LMEX0000000290_IMG_37,LMMA0000000211,lung
LMEX0000000290_IMG_38,LMMA0000000211,lung
LMEX0000000290_IMG_39,LMMA0000000211,lung
LMEX0000000290_IMG_4,LMMA0000000211,lung
LMEX0000000290_IMG_40,LMMA0000000211,lung
LMEX0000000290_IMG_41,LMMA0000000211,lung
LMEX0000000290_IMG_42,LMMA0000000211,lung
LMEX0000000290_IMG_43,LMMA0000000211,lung
LMEX0000000290_IMG_44,LMMA0000000211,lung
LMEX0000000290_IMG_45,LMMA0000000211,lung
LMEX0000000290_IMG_46,LMMA0000000211,lung
LMEX0000000290_IMG_5,LMMA0000000211,lung
LMEX0000000290_IMG_6,LMMA0000000211,lung
LMEX0000000290_IMG_7,LMMA0000000211,lung
LMEX0000000290_IMG_8,LMMA0000000211,lung
LMEX0000000290_IMG_9,LMMA0000000211,lung
LMEX0000000291_IMG_1,LMMA0000000211,lung
LMEX0000000291_IMG_10,LMMA0000000211,lung
LMEX0000000291_IMG_11,LMMA0000000211,lung
LMEX0000000291_IMG_12,LMMA0000000211,lung
LMEX0000000291_IMG_13,LMMA0000000211,lung
LMEX0000000291_IMG_14,LMMA0000000211,lung
LMEX0000000291_IMG_15,LMMA0000000211,lung
LMEX0000000291_IMG_16,LMMA0000000211,lung
LMEX0000000291_IMG_17,LMMA0000000211,lung
LMEX0000000291_IMG_18,LMMA0000000211,lung
LMEX0000000291_IMG_19,LMMA0000000211,lung
LMEX0000000291_IMG_2,LMMA0000000211,lung
LMEX0000000291_IMG_20,LMMA0000000211,lung
LMEX0000000291_IMG_21,LMMA0000000211,lung
LMEX0000000291_IMG_22,LMMA0000000211,lung
LMEX0000000291_IMG_23,LMMA0000000211,lung
LMEX0000000291_IMG_24,LMMA0000000211,lung
LMEX0000000291_IMG_25,LMMA0000000211,lung
LMEX0000000291_IMG_26,LMMA0000000211,lung
LMEX0000000291_IMG_27,LMMA0000000211,lung
LMEX0000000291_IMG_28,LMMA0000000211,lung
LMEX0000000291_IMG_29,LMMA0000000211,lung
LMEX0000000291_IMG_3,LMMA0000000211,lung
LMEX0000000291_IMG_30,LMMA0000000211,lung
LMEX0000000291_IMG_31,LMMA0000000211,lung
LMEX0000000291_IMG_32,LMMA0000000211,lung
LMEX0000000291_IMG_33,LMMA0000000211,lung
LMEX0000000291_IMG_34,LMMA0000000211,lung
LMEX0000000291_IMG_35,LMMA0000000211,lung
LMEX0000000291_IMG_36,LMMA0000000211,lung
LMEX0000000291_IMG_37,LMMA0000000211,lung
LMEX0000000291_IMG_38,LMMA0000000211,lung
LMEX0000000291_IMG_39,LMMA0000000211,lung
LMEX0000000291_IMG_4,LMMA0000000211,lung
LMEX0000000291_IMG_40,LMMA0000000211,lung
LMEX0000000291_IMG_5,LMMA0000000211,lung
LMEX0000000291_IMG_6,LMMA0000000211,lung
LMEX0000000291_IMG_7,LMMA0000000211,lung
LMEX0000000291_IMG_8,LMMA0000000211,lung
LMEX0000000291_IMG_9,LMMA0000000211,lung
LMEX0000000573_IMG_1,LMMA0000000211,lung
LMEX0000000573_IMG_10,LMMA0000000211,lung
LMEX0000000573_IMG_11,LMMA0000000211,lung
LMEX0000000573_IMG_12,LMMA0000000211,lung
LMEX0000000573_IMG_2,LMMA0000000211,lung
LMEX0000000573_IMG_3,LMMA0000000211,lung
LMEX0000000573_IMG_4,LMMA0000000211,lung
LMEX0000000573_IMG_5,LMMA0000000211,lung
LMEX0000000573_IMG_6,LMMA0000000211,lung
LMEX0000000573_IMG_7,LMMA0000000211,lung
LMEX0000000573_IMG_8,LMMA0000000211,lung
LMEX0000000573_IMG_9,LMMA0000000211,lung
LMEX0000000578_IMG_1,LMMA0000000211,lung
LMEX0000000578_IMG_10,LMMA0000000211,lung
LMEX0000000578_IMG_11,LMMA0000000211,lung
LMEX0000000578_IMG_2,LMMA0000000211,lung
LMEX0000000578_IMG_3,LMMA0000000211,lung
LMEX0000000578_IMG_4,LMMA0000000211,lung
LMEX0000000578_IMG_5,LMMA0000000211,lung
LMEX0000000578_IMG_6,LMMA0000000211,lung
LMEX0000000578_IMG_7,LMMA0000000211,lung
LMEX0000000578_IMG_8,LMMA0000000211,lung
LMEX0000000578_IMG_9,LMMA0000000211,lung
LMEX0000000590_IMG_1,LMMA0000000211,lung
LMEX0000000590_IMG_2,LMMA0000000211,lung
LMEX0000000590_IMG_3,LMMA0000000211,lung
LMEX0000000590_IMG_4,LMMA0000000211,lung
LMEX0000000590_IMG_5,LMMA0000000211,lung
LMEX0000000590_IMG_6,LMMA0000000211,lung
LMEX0000000590_IMG_7,LMMA0000000211,lung
LMEX0000000590_IMG_8,LMMA0000000211,lung
LMEX0000000590_IMG_9,LMMA0000000211,lung
LMEX0000000591_IMG_1,LMMA0000000211,lung
LMEX0000000591_IMG_2,LMMA0000000211,lung
LMEX0000000591_IMG_3,LMMA0000000211,lung
LMEX0000000591_IMG_4,LMMA0000000211,lung
LMEX0000000591_IMG_5,LMMA0000000211,lung
LMEX0000000591_IMG_6,LMMA0000000211,lung
LMEX0000000591_IMG_7,LMMA0000000211,lung
LMEX0000000591_IMG_8,LMMA0000000211,lung
LMEX0000000592_IMG_1,LMMA0000000211,lung
LMEX0000000592_IMG_10,LMMA0000000211,lung
LMEX0000000592_IMG_11,LMMA0000000211,lung
LMEX0000000592_IMG_2,LMMA0000000211,lung
LMEX0000000592_IMG_3,LMMA0000000211,lung
LMEX0000000592_IMG_4,LMMA0000000211,lung
LMEX0000000592_IMG_5,LMMA0000000211,lung
LMEX0000000592_IMG_6,LMMA0000000211,lung
LMEX0000000592_IMG_7,LMMA0000000211,lung
LMEX0000000592_IMG_8,LMMA0000000211,lung
LMEX0000000592_IMG_9,LMMA0000000211,lung
LMEX0000000593_IMG_1,LMMA0000000211,lung
LMEX0000000593_IMG_10,LMMA0000000211,lung
LMEX0000000593_IMG_2,LMMA0000000211,lung
LMEX0000000593_IMG_3,LMMA0000000211,lung
LMEX0000000593_IMG_4,LMMA0000000211,lung
LMEX0000000593_IMG_5,LMMA0000000211,lung
LMEX0000000593_IMG_6,LMMA0000000211,lung
LMEX0000000593_IMG_7,LMMA0000000211,lung
LMEX0000000593_IMG_8,LMMA0000000211,lung
LMEX0000000593_IMG_9,LMMA0000000211,lung
LMEX0000000594_IMG_1,LMMA0000000211,lung
LMEX0000000594_IMG_10,LMMA0000000211,lung
LMEX0000000594_IMG_11,LMMA0000000211,lung
LMEX0000000594_IMG_12,LMMA0000000211,lung
LMEX0000000594_IMG_13,LMMA0000000211,lung
LMEX0000000594_IMG_2,LMMA0000000211,lung
LMEX0000000594_IMG_3,LMMA0000000211,lung
LMEX0000000594_IMG_4,LMMA0000000211,lung
LMEX0000000594_IMG_5,LMMA0000000211,lung
LMEX0000000594_IMG_6,LMMA0000000211,lung
LMEX0000000594_IMG_7,LMMA0000000211,lung
LMEX0000000594_IMG_8,LMMA0000000211,lung
LMEX0000000594_IMG_9,LMMA0000000211,lung
LMEX0000000597_IMG_1,LMMA0000000211,lung
LMEX0000000597_IMG_2,LMMA0000000211,lung
LMEX0000000597_IMG_3,LMMA0000000211,lung
LMEX0000000597_IMG_4,LMMA0000000211,lung
LMEX0000000597_IMG_5,LMMA0000000211,lung
LMEX0000000597_IMG_6,LMMA0000000211,lung
LMEX0000000600_IMG_1,LMMA0000000211,lung
LMEX0000000600_IMG_10,LMMA0000000211,lung
LMEX0000000600_IMG_11,LMMA0000000211,lung
LMEX0000000600_IMG_2,LMMA0000000211,lung
LMEX0000000600_IMG_3,LMMA0000000211,lung
LMEX0000000600_IMG_4,LMMA0000000211,lung
LMEX0000000600_IMG_5,LMMA0000000211,lung
LMEX0000000600_IMG_6,LMMA0000000211,lung
LMEX0000000600_IMG_7,LMMA0000000211,lung
LMEX0000000600_IMG_8,LMMA0000000211,lung
LMEX0000000600_IMG_9,LMMA0000000211,lung
LMEX0000000642_IMG_1,LMMA0000000330,right lung middle lobe
LMEX0000000647_IMG_1,LMMA0000000199,left lung
LMEX0000000648_IMG_1,LMMA0000000199,left lung
LMEX0000000648_IMG_2,LMMA0000000199,left lung
LMEX0000000649_IMG_1,LMMA0000000199,left lung
LMEX0000000649_IMG_2,LMMA0000000199,left lung
LMEX0000000649_IMG_3,LMMA0000000199,left lung
LMEX0000000649_IMG_4,LMMA0000000199,left lung
LMEX0000000649_IMG_5,LMMA0000000199,left lung
LMEX0000000649_IMG_6,LMMA0000000199,left lung
LMEX0000000649_IMG_7,LMMA0000000199,left lung
LMEX0000000649_IMG_8,LMMA0000000199,left lung
LMEX0000000649_IMG_9,LMMA0000000199,left lung
LMEX0000000650_IMG_1,LMMA0000000199,left lung
LMEX0000000652_IMG_1,LMMA0000000199,left lung
LMEX0000000652_IMG_2,LMMA0000000199,left lung
LMEX0000000653_IMG_1,LMMA0000000199,left lung
LMEX0000000653_IMG_2,LMMA0000000199,left lung
LMEX0000000654_IMG_1,LMMA0000000199,left lung
LMEX0000000654_IMG_2,LMMA0000000199,left lung
LMEX0000000655_IMG_1,LMMA0000000199,left lung
LMEX0000000655_IMG_2,LMMA0000000199,left lung
LMEX0000000656_IMG_1,LMMA0000000199,left lung
LMEX0000000656_IMG_2,LMMA0000000199,left lung
LMEX0000000657_IMG_1,LMMA0000000199,left lung
LMEX0000000657_IMG_2,LMMA0000000199,left lung
LMEX0000000658_IMG_1,LMMA0000000199,left lung
LMEX0000000659_IMG_1,LMMA0000000199,left lung
LMEX0000000659_IMG_2,LMMA0000000199,left lung
LMEX0000000683_IMG_1,LMMA0000000199,left lung
LMEX0000000689_IMG_1,LMMA0000000199,left lung
LMEX0000000690_IMG_1,LMMA0000000199,left lung
LMEX0000000695_IMG_1,LMMA0000000199,left lung
